PDB,TM
1A0PA1,0
1A1XA1,0
1A32A1,0
1A3HA1,0
1A62A1,0
1A8OA1,0
1A8QA1,0
1A8YA1,0
1AAJA1,0
1AD6A1,0
1AHOA1,0
1AIEA1,0
1AILA1,0
1AJMA1,0
1AK1A1,0
1AKGA1,0
1AKOA1,0
1ALYA1,0
1AM2A1,0
1AMXA1,0
1ANUA1,0
1AOAA1,0
1AQTA1,0
1ARBA1,0
1ARLA1,0
1AT0A1,0
1AVKA1,0
1AX8A1,0
1B0XA1,0
1B0ZA1,0
1B24A1,0
1B6WA1,0
1B73A1,0
1B8EA1,0
1B8KA1,0
1B9WA1,0
1BAMA1,0
1BCOA1,0
1BEAA1,0
1BEOA1,0
1BFGA1,0
1BG6A1,0
1BGCA1,0
1BGFA1,0
1BGTA1,0
1BHEA1,0
1BHSA1,0
1BI1A1,0
1BI5A1,0
1BIAA1,0
1BJTA1,0
1BJZA1,0
1BKBA1,0
1BKRA1,0
1BM8A1,0
1BN6A1,0
1BOLA1,0
1BOYA1,0
1BQCA1,0
1BR9A1,0
1BY9A1,0
1BYIA1,0
1BYRA1,0
1BZ4A1,0
1C25A1,0
1C3KA1,0
1C3PA1,0
1C44A1,0
1C4XA1,0
1C76A1,0
1CBGA1,0
1CDYA1,0
1CEIA1,0
1CEMA1,0
1CEOA1,0
1CFRA1,0
1CHDA1,0
1CHUA1,0
1CIYA1,0
1CJSA1,0
1CNVA1,0
1CQYA1,0
1CRZA1,0
1CUKA1,0
1CWYA1,0
1CYWA1,0
1D2PA1,0
1DABA1,0
1DB3A1,0
1DBHA1,0
1DCFA1,0
1DDWA1,0
1DF4A1,0
1DFAA1,0
1DG3A1,0
1DHNA1,0
1DINA1,0
1DIXA1,0
1DQ0A1,0
1DSLA1,0
1DTOA1,0
1DUAA1,0
1DUNA1,0
1DUSA1,0
1DV7A1,0
1DVOA1,0
1DZFA1,0
1E4FT1,0
1E8YA1,0
1E9WA1,0
1ECLA1,0
1EDGA1,0
1EDNA1,0
1EDQA1,0
1EDTA1,0
1EG3A1,0
1EHDA1,0
1EI5A1,0
1EJGA1,0
1ENHA1,0
1EP0A1,0
1EPUA1,0
1ES5A1,0
1ES9A1,0
1ESCA1,0
1ESRA1,0
1ETLA1,0
1ETMA1,0
1ETNA1,0
1EURA1,0
1EVSA1,0
1EW4A1,0
1EYBA1,0
1EYHA1,0
1F00I1,0
1F0MA1,0
1F1SA1,0
1F2JA1,0
1F2VA1,0
1F32A1,0
1F7CA1,0
1F94A1,0
1FC6A1,0
1FCQA1,0
1FEPA1,0
1FEWA1,0
1FHGA1,0
1FHLA1,0
1FHUA1,0
1FI4A1,0
1FIMA1,0
1FKMA1,0
1FL0A1,0
1FMKA1,0
1FNFA1,0
1FNJA1,0
1FO9A1,0
1FQIA1,0
1FSFA1,0
1FUSA1,0
1G4WR1,0
1G62A1,0
1G7RA1,0
1G8AA1,0
1G8PA1,0
1G95A1,0
1GAKA1,0
1GBSA1,0
1GCEA1,0
1GCUA1,0
1GFSA1,0
1GLNA1,0
1GP3A1,0
1GPPA1,0
1GPRA1,0
1GQEA1,0
1GQNA1,0
1GQZA1,0
1GRJA1,0
1GS9A1,0
1GSHA1,0
1GSMA1,0
1GSOA1,0
1GVPA1,0
1GXNA1,0
1GXQA1,0
1GY0A1,0
1GYDB1,0
1GYUA1,0
1GYVA1,0
1H09A1,0
1H13A1,0
1H34A1,0
1H3QA1,0
1H4AX1,0
1H4UA1,0
1H6TA1,0
1H75A1,0
1H99A1,0
1HARA1,0
1HBQA1,0
1HE9A1,0
1HF8A1,0
1HH1A1,0
1HH2P1,0
1HJEA1,0
1HKAA1,0
1HKFA1,0
1HOEA1,0
1HPTA1,0
1HTJF1,0
1HU3A1,0
1HUFA1,0
1HUWA1,0
1HYPA1,0
1HZFA1,0
1HZTA1,0
1I1XA1,0
1I2HA1,0
1I2TA1,0
1I5PA1,0
1I60A1,0
1I6AA1,0
1I9YA1,0
1IADA1,0
1IAPA1,0
1IFGA1,0
1IHCA1,0
1IJBA1,0
1IK6A1,0
1ILKA1,0
1ILWA1,0
1IMFA1,0
1IO1A1,0
1IO2A1,0
1IPAA1,0
1IQ0A1,0
1IQVA1,0
1IS1A1,0
1IV8A1,0
1IXKA1,0
1IXLA1,0
1IZMA1,0
1IZZA1,0
1J1IA1,0
1J23A1,0
1J27A1,0
1J33A1,0
1J3AA1,0
1J4BA1,0
1J5XA1,0
1J6UA1,0
1J72A1,0
1J7GA1,0
1J7XA1,0
1J85A1,0
1J8BA1,0
1JB3A1,0
1JHCA1,0
1JHSA1,0
1JL1A1,0
1JMWA1,0
1JOSA1,0
1JPEA1,0
1JQ0A1,0
1JSXA1,0
1JUDA1,0
1JVWA1,0
1JWFA1,0
1JY1A1,0
1JYHA1,0
1JYKA1,0
1K1BA1,0
1K30A1,0
1K40A1,0
1K4NA1,0
1K6KA1,0
1K7KA1,0
1K89A1,0
1K8UA1,0
1K95A1,0
1KCMA1,0
1KEHA1,0
1KFNA1,0
1KHIA1,0
1KHXA1,0
1KIVA1,0
1KKUA1,0
1KLOA1,0
1KLXA1,0
1KMZA1,0
1KN3A1,0
1KNGA1,0
1KOEA1,0
1KR4A1,0
1KS9A1,0
1KT9A1,0
1KTQA1,0
1KU3A1,0
1KUUA1,0
1KW4A1,0
1KWBB1,0
1KWIA1,0
1KYHA1,0
1KZFA1,0
1L0BA1,0
1L1SA1,0
1L2HA1,0
1L2LA1,0
1L2PA1,0
1L3KA1,0
1L6PA1,0
1L7RA1,0
1LAYA1,0
1LB4A1,0
1LCYA1,0
1LFPA1,0
1LG7A1,0
1LIOA1,0
1LKFA1,0
1LKIA1,0
1LMIA1,0
1LN4A1,0
1LNSA1,0
1LPLA1,0
1LR9A1,0
1LRZA1,0
1LSYA1,1
1LTUA1,0
1LU4A1,0
1LWBA1,0
1LZLA1,0
1M1HA1,0
1M1SA1,0
1M5IA1,0
1MB1A1,0
1MF7A1,0
1MHNA1,0
1MI8A1,0
1MIJA1,0
1MIXA1,0
1MJCA1,0
1MMLA1,0
1MN3A1,0
1MN4A1,0
1MP2A1,0
1MR5A1,0
1MSCA1,0
1MTZA1,0
1MUFA1,0
1MUKA1,0
1MZLA1,0
1N05A1,0
1N7OA1,0
1N81A1,0
1N93X1,0
1N9PA1,0
1NARA1,0
1NC5A1,0
1ND7A1,0
1NEUA1,0
1NF1A1,0
1NFNA1,0
1NG2A1,0
1NG6A1,0
1NH1A1,0
1NH9A1,0
1NHLA1,0
1NIGA1,0
1NIJA1,0
1NJ4A1,0
1NKDA1,0
1NKOA1,0
1NKRA1,0
1NOAA1,0
1NOGA1,0
1NOTA1,0
1NPUA1,0
1NQKA1,0
1NQYA1,0
1NRIA1,0
1NTHA1,0
1NTYA1,0
1NWAA1,0
1O0XA1,0
1O13A1,0
1O20A1,0
1O22A1,0
1O3UA1,0
1O3XA1,0
1O4WA1,0
1O50A1,0
1O59A1,0
1O5LA1,0
1O5TA1,0
1O6DA1,0
1O7FA1,0
1O89A1,0
1O8MA1,0
1O8XA1,0
1O9GA1,0
1O9ZA1,0
1OGMX1,0
1OHCA1,0
1OI7A1,0
1OISA1,0
1OJQA1,0
1OLRA1,0
1OOIX1,0
1ORCA1,0
1OUVA1,0
1OW1A1,0
1OX3A1,0
1OXJA1,0
1OYSA1,0
1OYZA1,0
1OZ9A1,0
1OZAA1,0
1P2FA1,0
1P3CA1,0
1P4PA1,0
1P4XA1,0
1P6FA1,0
1P7SA1,0
1P9HA1,0
1P9IA1,0
1PAQA1,0
1PCLA1,0
1PDBA1,0
1PDOA1,0
1PEFA1,0
1PENA1,0
1PEVA1,0
1PGSA1,0
1PGVA1,0
1PGXA1,0
1PI2A1,0
1PJBA1,0
1PJRA1,0
1PKOA1,0
1PNEA1,0
1PNZA1,0
1PQEA1,0
1PQYA1,0
1PRZA1,0
1PSWA1,0
1PTAA1,0
1PTFA1,0
1PV5A1,0
1PVTA1,0
1PZCA1,0
1Q2YA1,0
1Q42A1,0
1Q5NA1,0
1Q5ZA1,0
1Q8BA1,0
1Q8IA1,0
1QAUA1,0
1QCXA1,0
1QCZA1,0
1QGVA1,0
1QHLA1,0
1QHTA1,0
1QJ9A1,0
1QNTA1,0
1QQFA1,0
1QQHA1,0
1QTOA1,0
1QTRA1,0
1QTSA1,0
1QUUA1,0
1QW2A1,0
1QX3A1,0
1QYIA1,0
1QYSA1,0
1QYUA1,0
1QZ1A1,0
1QZMA1,0
1QZNA1,0
1R29A1,0
1R3DA1,0
1R3FA1,0
1R53A1,0
1R5BA1,0
1R5QA1,0
1R62A1,0
1R69A1,0
1R6FA1,0
1R6YA1,0
1R7JA1,0
1R9HA1,0
1R9WA1,0
1RAJA1,0
1RC9A1,0
1RCBA1,0
1RFEA1,0
1RGPA1,0
1RH1A1,2
1RHSA1,0
1RI5A1,0
1RI6A1,0
1RIQA1,0
1RISA1,0
1RJ1A1,0
1RKAA1,0
1RL0A1,0
1RL6A1,0
1RLRA1,0
1RMRA1,0
1ROAA1,0
1RSSA1,0
1RWRA1,0
1RWZA1,0
1RZ2A1,1
1S21A1,0
1S29A1,0
1S2BA1,0
1S4UX1,0
1S6YA1,0
1S7IA1,0
1S7KA1,0
1SAUA1,0
1SBXA1,0
1SCZA1,0
1SDOA1,0
1SEFA1,0
1SFEA1,0
1SFPA1,0
1SI7A1,0
1SJYA1,0
1SMBA1,0
1SNTA1,0
1SQGA1,0
1SQHA1,0
1SQWA1,0
1SR8A1,0
1SRVA1,0
1SURA1,0
1SUUA1,0
1T07A1,0
1T1UA1,0
1T2IA1,0
1T3JA1,0
1T3YA1,0
1T6LA1,0
1T95A1,0
1TD4A1,0
1TD6A1,0
1TF5A1,0
1TFEA1,0
1TG0A1,0
1TIGA1,0
1TJDA1,0
1TJEA1,0
1TJNA1,0
1TK1A1,0
1TM2A1,0
1TOLA1,0
1TP6A1,0
1TPEA1,0
1TQGA1,0
1TR9A1,0
1TS9A1,0
1TTZA1,0
1TUAA1,0
1TUCA1,0
1TUDA1,0
1TULA1,0
1TUOA1,0
1TVLA1,0
1TWUA1,0
1TXDA1,0
1TXJA1,0
1TYCA1,0
1TYVA1,0
1TZVA1,0
1U04A1,0
1U2CA1,0
1U2HA1,0
1U2KA1,0
1U3YA1,0
1U53A1,0
1U5XA1,0
1U61A1,0
1U7UA1,0
1U9CA1,0
1U9PA1,0
1U9TA1,0
1UAIA1,0
1UAJA1,0
1UB9A1,0
1UBVA1,0
1UCHA1,0
1UCSA1,0
1UEKA1,0
1UFAA1,0
1UJ8A1,0
1UKFA1,0
1ULRA1,0
1ULYA1,0
1UN2A1,0
1UNPA1,0
1UOKA1,0
1UOYA1,0
1UPIA1,0
1USEA1,0
1USGA1,0
1USMA1,0
1UT9A1,0
1UTGA1,0
1UX5A1,0
1UXOA1,0
1UZQA1,0
1V05A1,0
1V0SA1,0
1V2ZA1,0
1V43A1,0
1V4AA1,0
1V6TA1,0
1V77A1,0
1V7QA1,0
1V8EA1,0
1V8IA1,0
1VAJA1,0
1VCCA1,0
1VCMA1,0
1VF8A1,0
1VGJA1,0
1VHFA1,0
1VI4A1,0
1VINA1,0
1VJ1A1,0
1VJGA1,0
1VJKA1,0
1VJSA1,0
1VJVA1,0
1VJXA1,0
1VJZA1,0
1VK4A1,0
1VKUA1,0
1VLOA1,0
1VPKA1,0
1VPRA1,0
1VSMA1,0
1W24A1,0
1W28A1,0
1W41A1,0
1W7BA1,0
1W8IA1,0
1WDEA1,0
1WERA1,0
1WGBA1,0
1WHIA1,0
1WHOA1,0
1WJ9A1,0
1WJGA1,0
1WKAA1,0
1WKXA1,0
1WLYA1,0
1WNAA1,0
1WNHA1,0
1WOUA1,0
1WPAA1,0
1WR2A1,0
1WRUA1,0
1WS6A1,0
1WU3I1,0
1WV8A1,0
1WVHA1,0
1WWBX1,0
1WWCA1,0
1WWIA1,0
1WXRA1,0
1WY3A1,0
1WY6A1,0
1WYCA1,0
1X1HA1,0
1X3OA1,0
1X56A1,0
1X6JA1,0
1X6ZA1,0
1X7FA1,0
1X8FA1,0
1X8YA1,0
1X91A1,0
1X9GA1,0
1XAKA1,0
1XAWA1,0
1XDZA1,0
1XFKA1,0
1XG8A1,0
1XGWA1,0
1XIPA1,0
1XIXA1,0
1XJCA1,0
1XKRA1,0
1XKSA1,0
1XQOA1,0
1XTEA1,0
1XTZA1,0
1XWMA1,0
1XY2A1,0
1Y0KA1,0
1Y6XA1,0
1Y9UA1,0
1YB2A1,0
1YDLA1,0
1YG2A1,0
1YGSA1,0
1YHFA1,0
1YJLA1,0
1YJPA1,0
1YLNA1,0
1YM5A1,0
1YOYA1,0
1YP5A1,0
1YPCI1,0
1YR6A1,0
1YRWA1,0
1YTQA1,0
1YU5X1,0
1YVRA1,0
1YW5A1,0
1YZ7A1,0
1YZFA1,0
1YZMA1,0
1Z0CA1,0
1Z0PA1,0
1Z21A1,0
1Z27A1,0
1Z3XA1,0
1Z91A1,0
1Z9FA1,0
1Z9LA1,0
1ZBMA1,0
1ZBPA1,0
1ZBSA1,0
1ZCEA1,0
1ZCJA1,0
1ZCUA1,0
1ZD8A1,0
1ZEQX1,0
1ZGKA1,0
1ZHVA1,0
1ZJHA1,0
1ZJKA1,0
1ZLBA1,0
1ZLMA1,0
1ZNWA1,0
1ZOXA1,0
1ZTYA1,0
1ZUHA1,0
1ZVAA1,0
1ZX3A1,0
1ZZKA1,0
2A0JA1,0
2A1VA1,0
2A2FX1,0
2A4DA1,0
2A6BA1,0
2A6ZA1,0
2A90A1,0
2AD1A1,0
2AH5A1,0
2AHEA1,0
2AP3A1,0
2APLA1,0
2AQ5A1,0
2ATRA1,0
2AUDA1,0
2AXOA1,0
2B02A1,0
2B0AA1,0
2B0JA1,0
2B1EA1,0
2B1KA1,0
2B2HA1,11
2B3MA1,0
2B4WA1,0
2B61A1,0
2B6PA1,6
2B78A1,0
2B8IA1,0
2BDDA1,0
2BDVA1,0
2BFIA1,0
2BH0A1,0
2BJQA1,0
2BJVA1,0
2BK8A1,0
2BL7A1,0
2BLLA1,0
2BNHA1,0
2BOEX1,0
2BQQA1,0
2BTZA1,0
2BV9A1,0
2BZVA1,0
2C2YA1,0
2CAUA1,1
2CBEA1,0
2CE6A1,0
2CG7A1,0
2CGQA1,0
2CI2I1,0
2CI3A1,0
2CIUA1,0
2CJJA1,0
2CKWA1,0
2CKXA1,0
2CL3A1,0
2CMPA1,0
2CROA1,0
2CUWA1,0
2CVBA1,0
2CW4A1,0
2CWCA1,0
2CWRA1,0
2CWYA1,0
2CXAA1,0
2CXCA1,0
2CXHA1,0
2CXYA1,0
2CY7A1,0
2CY8A1,0
2CYGA1,0
2CZTA1,0
2D0AA1,0
2D27A1,0
2D4LA1,0
2D4PA1,0
2D4XA1,0
2D59A1,0
2D7JA1,0
2D7UA1,0
2D8EA1,0
2D8NA1,0
2DBIA1,0
2DG6A1,0
2DG7A1,0
2DMAA1,0
2DP9A1,0
2DQXA1,0
2DVKA1,0
2DWKA1,0
2DYIA1,0
2E01A1,0
2E0TA1,0
2E3HA1,0
2E3IA1,0
2E3SA1,0
2E3UA1,0
2E7VA1,0
2E8BA1,0
2E8FA1,0
2EA9A1,0
2EBBA1,0
2ECEA1,0
2EDMA1,0
2EEYA1,0
2EF4A1,0
2EFKA1,0
2EGUA1,0
2EJBA1,0
2EJXA1,0
2ENDA1,0
2ENGA1,0
2ERFA1,0
2ERWA1,0
2ES9A1,0
2ESKA1,0
2ET6A1,0
2EVBA1,0
2EYIA1,0
2F15A1,0
2F1NA1,0
2F1SA1,0
2F1YA1,0
2F3LA1,0
2F4QA1,0
2F5UA1,0
2F68X1,0
2F6EA1,0
2F6HX1,0
2F82A1,0
2F8HA1,0
2F9FA1,0
2FB6A1,0
2FBIA1,0
2FBOJ1,0
2FBQA1,0
2FC3A1,0
2FCBA1,0
2FD4A1,0
2FD5A1,0
2FEZA1,0
2FG1A1,0
2FGGA1,0
2FGTA1,0
2FH7A1,0
2FHTA1,0
2FI0A1,0
2FI9A1,0
2FJ8A1,0
2FJZA1,0
2FK7A1,0
2FK9A1,0
2FL4A1,0
2FL7A1,0
2FM9A1,0
2FO3A1,0
2FP3A1,0
2FPHX1,0
2FPNA1,0
2FQ3A1,0
2FQ4A1,0
2FR2A1,0
2FRGP1,0
2FU2A1,0
2FUJA1,0
2FUKA1,0
2FWGA1,0
2FX0A1,0
2FXQA1,0
2FZ4A1,0
2FZPA1,0
2G3AA1,0
2G40A1,0
2G5DA1,0
2G5XA1,0
2G69A1,0
2G7IA1,0
2G7LA1,0
2G7OA1,0
2G7SA1,0
2GAUA1,0
2GCAA1,0
2GEEA1,0
2GENA1,0
2GG4A1,0
2GGOA1,0
2GKGA1,0
2GKTI1,0
2GNXA1,0
2GO8A1,0
2GPNA1,0
2GQVA1,0
2GS5A1,0
2GTGA1,0
2GTSA1,0
2GXGA1,0
2GYZA1,0
2GZQA1,0
2GZRA1,0
2H09A1,0
2H14A1,0
2H2ZA1,0
2H30A1,0
2H7OA1,0
2H8EA1,0
2H8OA1,0
2HC8A1,0
2HDZA1,0
2HE7A1,0
2HH6A1,0
2HIVA1,0
2HL9A1,0
2HLRA1,0
2HLYA1,0
2HNGA1,0
2HOQA1,0
2HP7A1,0
2HQVA1,0
2HRZA1,0
2HSGA1,0
2HUJA1,0
2HWXA1,0
2HY7A1,0
2HZ7A1,0
2HZRA1,0
2I49A1,0
2I5DA1,0
2I5HA1,0
2I6IA1,0
2I6VA1,0
2I6XA1,0
2I6YA1,0
2I7XA1,0
2I88A1,1
2I9IA1,0
2IAIA1,0
2IBLA1,0
2ICTA1,0
2IDCA1,0
2IE8A1,0
2IGDA1,0
2II0A1,0
2IIAA1,0
2ILAA1,0
2ILRA1,0
2IM9A1,0
2IN0A1,0
2IOSA1,0
2IPQX1,1
2IQTA1,0
2ISBA1,0
2IU1A1,0
2IVYA1,0
2IWRA1,0
2IXMA1,0
2IY9A1,0
2J49A1,1
2J4OA1,0
2J6BA1,0
2J70A1,0
2J71A1,0
2J8BA1,0
2J9VA1,0
2JA4A1,0
2JA9A1,0
2JAYA1,0
2JCPA1,0
2JDWA1,0
2JEOA1,0
2JJFA1,0
2JKFA1,0
2JLIA1,0
2JLJA1,0
2LAOA1,0
2LISA1,0
2NLSA1,0
2NMLA1,0
2NMUA1,0
2NQ5A1,0
2NR7A1,0
2NRJA1,0
2NRKA1,0
2NRRA1,0
2NSCA1,0
2NSNA1,0
2NVPA1,0
2NWDX1,0
2NWVA1,0
2NX2A1,0
2NXCA1,0
2NYCA1,0
2NYFA1,0
2NYVA1,0
2O0KA1,0
2O0QA1,0
2O4DA1,0
2O6XA1,0
2O71A1,0
2O8PA1,0
2OA2A1,0
2OB5A1,0
2OBIA1,0
2OCHA1,0
2ODLA1,0
2ODTX1,0
2ODUA1,0
2OEBA1,0
2OF3A1,0
2OF7A1,0
2OG3A1,0
2OG4A1,0
2OGQA1,0
2OI8A1,0
2OIXA1,0
2OKTA1,0
2OL9A1,0
2OLSA1,0
2OLXA1,0
2OMMA1,0
2ONVA1,0
2ONWX1,0
2ONXA1,0
2OP6A1,0
2OPJA1,0
2OPWA1,0
2OQWA1,0
2OSAA1,0
2OUJA1,0
2OVAA1,0
2OVCA1,0
2OY7A1,0
2OYZA1,0
2P0LA1,0
2P1WA1,0
2P25A1,0
2P4DA1,0
2P4HX1,0
2P52A1,0
2P5DA1,0
2P5KA1,0
2P65A1,0
2P84A1,0
2P8TA1,0
2P9BA1,0
2PAWA1,0
2PB7A1,0
2PBOA1,0
2PCYA1,0
2PETA1,0
2PFTA1,0
2PGEA1,0
2PGGA1,0
2PGSA1,0
2PGXA1,0
2PHCB1,0
2PHZA1,0
2PICA1,0
2PIMA1,0
2PJDA1,0
2PKOA1,0
2PLCA1,0
2PLNA1,0
2PM1A1,0
2PMRA1,0
2PNDA1,0
2PNEA1,0
2PNMA1,0
2PO4A1,0
2PQ6A1,0
2PSBA1,0
2PSTX1,0
2PTDA1,0
2PTHA1,0
2PTSA1,0
2PTVA1,0
2PWQA1,0
2PZ1A1,0
2Q07A1,0
2Q12A1,0
2Q13A1,0
2Q34A1,0
2Q43A1,0
2Q4NA1,0
2Q4UA1,0
2Q5XA1,0
2Q82A1,0
2Q99A1,0
2Q9VA1,0
2QBVA1,0
2QDJA1,0
2QEVA1,0
2QF5A1,0
2QFFA1,0
2QGMA1,0
2QGOA1,0
2QHTA1,0
2QK0A1,0
2QK1A1,0
2QNIA1,0
2QOLA1,0
2QPWA1,0
2QQ5A1,0
2QQYA1,0
2QR6A1,0
2QT4A1,0
2QTIA1,0
2QTPA1,0
2QV2A1,0
2QV3A1,0
2QVGA1,0
2QVKA1,0
2QVLA1,0
2QVOA1,0
2QVTA1,0
2QWTA1,0
2QY9A1,0
2QYBA1,0
2QYWA1,0
2QZQA1,0
2QZUA1,0
2R0SA1,0
2R18A1,0
2R2YA1,0
2R39A1,0
2R4QA1,0
2R51A1,0
2R57A1,0
2R60A1,0
2R6QA1,0
2RA1A1,0
2RA8A1,0
2RAEA1,0
2RB8A1,0
2RCIA1,0
2REAA1,0
2RERA1,0
2RFAA1,0
2RFRA1,0
2RGYA1,1
2RH3A1,0
2RIGA1,0
2RIKA1,0
2RIMA1,0
2RISA1,0
2RJDA1,0
2RJLA1,0
2RK3A1,0
2RK5A1,0
2RKHA1,0
2RKQA1,0
2RKTA1,0
2SGAA1,0
2SILA1,0
2TGIA1,0
2TS1A1,0
2UVGA1,0
2UYOA1,0
2V14A1,0
2V1LA1,0
2V4UA1,0
2V4XA1,0
2V6CA1,0
2V75A1,0
2V81A1,0
2VANA1,0
2VC8A1,0
2VFBA1,0
2VFYA1,0
2VGAA1,0
2VGEA1,0
2VH7A1,0
2VJWA1,0
2VKYB1,0
2VO8A1,0
2VQ4A1,0
2VQCA1,0
2VTYA1,0
2VY6A1,0
2VY8A1,0
2W0GA1,0
2W0IA1,0
2W1RA1,0
2W2RA1,0
2W61A1,1
2WA0A1,0
2WB3A1,0
2WB8A1,0
2WBNA1,0
2WC7A1,0
2WH7A1,0
2WJ5A1,0
2WKDA1,0
2WMFA1,0
2WN4A1,1
2WNKA1,0
2WOZA1,0
2WP7A1,0
2WPGA1,0
2WTBA1,0
2WUXA1,0
2WWEA1,0
2WZ9A1,0
2X0CA1,0
2X25B1,0
2X29A1,0
2X35A1,0
2X3GA1,1
2X3MA1,0
2X4JA1,0
2X4LA1,0
2X5PA1,0
2X5YA1,0
2X8XX1,0
2X9YA1,0
2X9ZA1,0
2XBGA1,0
2XF6A1,0
2XGVA1,0
2XHCA1,0
2XJ4A1,0
2XMZA1,0
2XTPA1,0
2XWSA1,0
2XZZA1,0
2Y29A1,0
2Y2TA1,0
2Y2ZA1,0
2Y90A1,0
2Y9FA1,0
2YD5A1,0
2YGSA1,0
2YLFA1,0
2YLHA1,0
2YMOA1,0
2YV4A1,0
2YVNA1,0
2YVQA1,0
2YVTA1,0
2YWEA1,0
2YWJA1,0
2YX0A1,0
2YX8A1,0
2YXBA1,0
2YXFA1,0
2YXYA1,0
2YYOA1,0
2YZTA1,0
2Z01A1,0
2Z0MA1,0
2Z0WA1,0
2Z10A1,0
2Z14A1,0
2Z1EA1,0
2Z1PA1,0
2Z44A1,0
2Z5LA1,0
2Z6HA1,0
2Z6PA1,0
2Z84A1,0
2Z8HA1,0
2Z99A1,0
2ZA7A1,0
2ZCOA1,0
2ZCXA1,0
2ZFYA1,0
2ZGRA1,0
2ZHVA1,0
2ZJ8A1,0
2ZOVA1,0
2ZPMA1,0
2ZQ5A1,0
2ZQEA1,0
2ZTYA1,0
2ZXOA1,0
3A0FA1,0
3A0XA1,0
3A1KA1,0
3A2ZA1,1
3A4CA1,0
3A57A1,0
3A7LA1,0
3AAPA1,0
3ACPA1,0
3ADGA1,0
3ADOA1,0
3ADYA1,0
3AG7A1,0
3AGKA1,0
3AJCA1,0
3ANJA1,0
3APMA1,0
3APOA1,0
3ASAA1,0
3ASDA1,0
3AU3A1,0
3AUFA1,0
3AY5A1,0
3B02A1,0
3B21A1,0
3B33A1,0
3B4DA1,0
3B5OA1,0
3B79A1,0
3B7HA1,0
3B7XA1,0
3BA1A1,0
3BB7A1,0
3BCHA1,0
3BCIA1,0
3BCYA1,0
3BH0A1,0
3BHSA1,10
3BJAA1,0
3BJVA1,0
3BOKA1,0
3BORA1,0
3BPPA1,0
3BPVA1,0
3BQEA1,0
3BQWA1,0
3BQXA1,0
3BU9A1,0
3BUTA1,0
3BVSA1,0
3BYLA1,0
3BZ6A1,0
3BZGA1,0
3BZKA1,0
3BZQA1,0
3BZTA1,0
3C0CA1,0
3C0FB1,0
3C2EA1,0
3C38A1,0
3C4BA1,0
3C5VA1,0
3C65A1,0
3C6BA1,0
3C8UA1,0
3C8XA1,0
3CA7A1,0
3CANA1,0
3CAXA1,0
3CBHA1,0
3CBNA1,0
3CCYA1,0
3CE7A1,0
3CIVA1,0
3CJ1A1,0
3CJWA1,0
3CMLA1,0
3CMNA1,0
3CNUA1,0
3CO1A1,0
3COUA1,0
3CPKA1,0
3CQ1A1,0
3CQTA1,0
3CRMA1,0
3CS1A1,0
3CSGA1,0
3CSRA1,0
3CTAA1,0
3CWIA1,0
3CX2A1,0
3CZCA1,0
3D2AA1,0
3D3AA1,0
3D79A1,0
3D7NA1,0
3D9HA1,0
3DFGA1,0
3DG1A1,0
3DGJA1,0
3DHNA1,0
3DJ9A1,0
3DJNB1,0
3DKMA1,0
3DLMA1,0
3DMLA1,0
3DMSA1,0
3DPAA1,0
3DQPA1,0
3DR5A1,0
3DSHA1,0
3DSPA1,0
3DU1X1,0
3DZ1A1,0
3E0CA1,0
3E0EA1,0
3E0HA1,0
3E1SA1,0
3E21A1,0
3E26A1,0
3E3VA1,0
3E4HA1,0
3E56A1,0
3E5NA1,0
3E5TA1,0
3E7PA1,0
3E7RL1,0
3E9OA1,0
3EAZA1,0
3EDUA1,0
3EG4A1,0
3EGNA1,0
3EIZA1,0
3EJCA1,0
3EJGA1,0
3EMIA1,0
3ENUA1,0
3EO5A1,0
3ERBA1,0
3ERFA1,0
3ERSX1,0
3ETUA1,0
3ETVA1,0
3EURA1,0
3EVNA1,0
3EVPA1,0
3EVTA1,0
3EVZA1,0
3EWBX1,0
3EX9A1,0
3EXVA1,1
3EYEA1,0
3F1XA1,0
3F2ZA1,0
3F40A1,0
3F5DA1,0
3F6FA1,0
3F7MA1,0
3F8TA1,0
3FCNA1,0
3FDRA1,0
3FEZA1,0
3FFMA1,0
3FH2A1,0
3FHFA1,0
3FK5A1,0
3FKMX1,0
3FLGA1,0
3FMYA1,0
3FN7A1,0
3FNIA1,0
3FPOA1,0
3FRRA1,0
3FS3A1,0
3FS5A1,0
3FTDA1,0
3FTJA1,0
3FTKA1,0
3FTOA1,0
3FTRA1,0
3FTTA1,0
3FVAA1,0
3FWUA1,0
3FXHA1,0
3FYQA1,0
3FZEA1,0
3G06A1,0
3G39A1,0
3G40A1,0
3G4PA1,0
3G6LA1,0
3G6SA1,0
3G87A1,0
3G9BA1,0
3G9GA1,0
3GBTA1,0
3GBWA1,0
3GD0A1,0
3GFPA1,0
3GG6A1,0
3GHJA1,0
3GLKA1,0
3GMSA1,0
3GNFB1,0
3GOZA1,0
3GREA1,0
3GRHA1,0
3GS3A1,0
3GS9A1,0
3GT0A1,0
3GUQA1,0
3GUVA1,0
3GV0A1,0
3GW2A1,0
3GW3A1,0
3GYWA1,0
3H04A1,0
3H13A1,0
3H1TA1,0
3H2GA1,0
3H38A1,0
3H6JA1,0
3H6QA1,0
3H8ZA1,0
3H9WA1,0
3HA9A1,0
3HC7A1,0
3HD4A1,0
3HFIA1,0
3HGLA1,0
3HJLA1,0
3HMHA1,0
3HN7A1,2
3HNXA1,0
3HNYM1,0
3HOLA1,0
3HP4A1,0
3HQXA1,0
3HR8A1,0
3HRNA1,0
3HROA1,0
3HTVA1,0
3HUTA1,0
3HVMA1,0
3HVWA1,0
3HWUA1,0
3HXLA1,0
3HYDA1,0
3HZ8A1,0
3I0CA1,0
3I0VA1,0
3I1GA1,0
3I2NA1,0
3I2VA1,0
3I47A1,0
3I4HX1,0
3I4TA1,0
3I7AA1,0
3I7MA1,0
3I82A1,0
3I8ZA1,0
3I9YA1,0
3ID1A1,0
3IDWA1,0
3IF0X1,0
3IF5A1,0
3IG0A1,0
3IH4A1,0
3ILCA1,0
3ILSA1,0
3ILVA1,0
3IM1A1,0
3IPZA1,0
3IRAA1,0
3ISUA1,0
3IU0A1,0
3IU5A1,0
3IUJA1,0
3IV4A1,0
3IVFA1,0
3JQHA1,0
3JRTA1,0
3JRZA1,0
3JS6A1,0
3JSNA1,0
3JU0A1,0
3JV1A1,0
3JVEA1,0
3JXVA1,0
3JZ9A1,0
3JZZA1,0
3K1DA1,0
3K1HA1,0
3K29A1,0
3K2TA1,0
3K3DA1,0
3K3VA1,0
3K63A1,0
3K6RA1,0
3K6UA1,0
3K6YA1,0
3K8JA1,0
3K8UA1,0
3K8WA1,0
3K9AA1,0
3KB5A1,0
3KBEA1,0
3KBGA1,0
3KCIA1,0
3KCWA1,0
3KEYA1,0
3KFWX1,0
3KG4A1,0
3KH7A1,0
3KJEA1,0
3KJTA1,0
3KP8A1,0
3KQ5A1,0
3KR9A1,0
3KSNA1,0
3KT2A1,0
3KT9A1,0
3KV0A1,0
3KVDD1,0
3KW6A1,0
3KWLA1,0
3KZDA1,0
3L3FX1,0
3L78A1,0
3L7WA1,0
3L9UA1,0
3L9ZA1,0
3LAAA1,0
3LAXA1,0
3LD1A1,0
3LE4A1,0
3LEQA1,0
3LF9A1,0
3LFPA1,0
3LGUA1,0
3LIGA1,0
3LJIA1,0
3LLBA1,0
3LMFA1,0
3LMOA1,0
3LNUA1,0
3LODA1,0
3LOIA1,0
3LPZA1,0
3LQEA1,0
3LR3A1,0
3LS0A1,0
3LTIA1,0
3LTJA1,0
3LWTX1,0
3LY7A1,0
3LYWA1,0
3M3PA1,0
3M4XA1,0
3M66A1,0
3M70A1,0
3M7DA1,0
3M7GA1,0
3M8KA1,0
3M9AA1,0
3ME5A1,0
3MEWA1,0
3MF7A1,0
3MIXA1,0
3MKCA1,0
3ML3A1,0
3MM4A1,0
3MOIA1,0
3MVNA1,0
3MX1A1,0
3MX7A1,0
3MY2A1,0
3MYIA1,0
3MZYA1,0
3MZZA1,0
3N0KA1,0
3N11A1,0
3N4HA1,0
3NBIA1,0
3ND2A1,0
3NE0A1,0
3NE3B1,0
3NFTA1,0
3NJMA1,0
3NJWA1,0
3NPHB1,0
3NR5A1,0
3NRWA1,0
3NRYA1,0
3NSFA1,0
3NSMA1,0
3NVGA1,0
3NX6A1,0
3NXCA1,0
3NZLA1,0
3O0PA1,0
3O16A1,0
3O1ZA1,0
3O48A1,0
3O59X1,0
3O5PA1,0
3O7KA1,0
3OA7A1,0
3OBSA1,0
3OC5A1,0
3OC6A1,0
3ODNA1,0
3OF7A1,0
3OFJA1,0
3OGGA1,0
3OH8A1,0
3OI9A1,0
3OIPA1,0
3OIZA1,0
3OKQA1,0
3OLCX1,0
3OMLA1,0
3ON1A1,0
3ONHA1,0
3ONJA1,0
3OOPA1,0
3OPWA1,0
3OR5A1,0
3OU5A1,0
3OUVA1,0
3OZHA1,0
3P1WA1,0
3P28A1,0
3P2FA1,0
3P3DA1,0
3P4LA1,0
3P51A1,0
3P54A1,0
3P6JA1,0
3P7KA1,0
3PACA1,0
3PBHA1,0
3PBNA1,0
3PF0A1,0
3PHSA1,0
3PIDA1,0
3PIWA1,0
3PKVA1,0
3PM2A1,0
3PR9A1,0
3PSGA1,0
3PSTA1,0
3PT5A1,0
3PTEA1,0
3PWZA1,0
3PZ9A1,0
3PZFA1,0
3Q1CA1,0
3Q2CA1,0
3Q2XA1,0
3Q64A1,0
3Q69A1,0
3Q6BA1,0
3Q7MA1,0
3Q98A1,0
3Q9PA1,0
3Q9SA1,0
3QACA1,0
3QAVA1,0
3QC1A1,0
3QC7A1,0
3QD7X1,0
3QFLA1,0
3QH4A1,0
3QH7A1,0
3QKYA1,0
3QNEA1,0
3QPAA1,0
3QPTA1,0
3QSQA1,0
3QV0A1,0
3QWMA1,0
3R2EA1,0
3R2IA1,0
3R2PA1,0
3R5SA1,0
3R6DA1,0
3R87A1,0
3R8EA1,0
3R8QA1,0
3RAZA1,0
3RDJA1,0
3RDYA1,0
3RE9A1,0
3RFFA1,0
3RFIA1,0
3RFWA1,0
3RFYA1,0
3RGIA1,0
3RHEA1,0
3RJ2X1,0
3RJPA1,0
3RJSA1,0
3RJXA1,0
3RJZA1,0
3RKVA1,0
3RKXA1,0
3RLEA1,0
3RLNA1,0
3RNVA1,0
3RT2A1,0
3RVCA1,0
3RZYA1,0
3S0AA1,0
3S5IA1,0
3S60A1,0
3S8MA1,0
3SBSA1,0
3SD2A1,0
3SDBA1,0
3SEBA1,0
3SEDA1,0
3SGSA1,0
3SH4A1,0
3SIHA1,0
3SK9A1,0
3SMDA1,0
3SSIA1,0
3STOA1,0
3SULA1,0
3SV0A1,0
3SXWA1,0
3SYJA1,0
3SZ7A1,0
3T0HA1,0
3T1SA1,0
3T1WA1,0
3T3KA1,0
3T57A1,0
3T5AA1,0
3T5BA1,0
3T7FA1,0
3T8RA1,0
3TCHA1,0
3TCQA1,0
3TEFA1,0
3TG7A1,0
3TGLA1,0
3TL4X1,0
3TMOA1,0
3TOWA1,0
3TP3A1,0
3TPAA1,0
3TPEA1,0
3TSSA1,0
3TUAA1,0
3TYJA1,1
3TYSA1,0
3U0RA1,0
3U0VA1,0
3U26A1,0
3U2AA1,0
3U2RA1,0
3U3IA1,0
3U3PA1,0
3U97A1,0
3U9LA1,0
3UAFA1,0
3UAHA1,0
3UC9A1,0
3UCIA1,0
3UEKA1,0
3UFBA1,0
3UFCX1,0
3UGUA1,0
3UH8A1,0
3UPSA1,0
3UV9A1,0
3UX2A1,0
3UY5A1,0
3V1AA1,0
3V3TA1,1
3V46A1,0
3V4GA1,0
3V55A1,0
3V6PA1,0
3V75A1,0
3VBCA1,0
3VDJA1,0
3VFIA1,0
3VGPA1,0
3VHJA1,0
3VJ8A1,0
3VN5A1,0
3VNEA1,0
3VORA1,0
3VP7A1,0
3VPYA1,0
3VPZA1,0
3VSRA1,0
3VVVA1,0
3VYCA1,0
3VZHA1,0
3W1EA1,0
3W56A1,0
3W66A1,0
3W6RA1,0
3W90A1,0
3W9UA1,1
3W9YA1,0
3WA1A1,0
3WAIA1,0
3WBJA1,0
3WFVA1,0
3WITA1,0
3WKWA1,0
3WOYA1,0
3WP5A1,0
3WP8A1,0
3WP9A1,0
3WRPA1,0
3WVTA1,0
3WX4A1,0
3WY8A1,0
3ZDEA1,0
3ZHIA1,0
3ZIIA1,0
3ZK0A1,0
3ZNYA1,0
3ZPJA1,0
3ZRIA1,0
3ZSLA1,0
3ZXYA1,0
3ZY1A1,0
3ZZPA1,0
4A02A1,0
4ACJA1,0
4ACOA1,0
4AD1A1,0
4ADPA1,0
4AE0A1,0
4AE7A1,0
4AEKA1,0
4AF2A1,0
4AFVA1,0
4AGHA1,0
4AGKA1,0
4AM1A1,0
4ANNA1,0
4AO6A1,0
4APVA1,0
4AXZA1,0
4B2FA1,0
4B5ZA1,0
4B7OA1,0
4B89A1,0
4B8JA1,0
4B9IA1,0
4BBWA1,1
4BFHA1,0
4BGCA1,0
4BIGA1,0
4BJIA1,0
4BKDA1,0
4BKGA1,0
4BMWA1,0
4BOKA1,0
4BOUA1,0
4BPFA1,0
4BPYA1,0
4BXPA1,0
4C7VA1,0
4C8PA1,0
4CBEA1,0
4CEKA1,0
4CFIA1,0
4CH7A1,0
4CHDA1,0
4CHEA1,0
4CHJA1,0
4CILA1,0
4CP6A1,0
4CRHA1,0
4CS6A1,0
4CU2A1,0
4CVDA1,0
4CXIA1,0
4CYAA1,0
4CZIA1,0
4D6VA1,0
4D7RA1,0
4D8LA1,0
4D8MA1,0
4D8OA1,0
4DB6A1,0
4DBXA1,0
4DD5A1,0
4DDPA1,0
4DFIA1,0
4DIUA1,0
4DK2A1,0
4DMVA1,0
4DNDA1,0
4DNUA1,0
4DOMA1,0
4DPZX1,0
4DQAA1,0
4DQVA1,0
4DT4A1,0
4DYLA1,0
4DZAA1,0
4E16A1,0
4E2UA1,0
4E40A1,0
4E5RA1,0
4E6HA1,0
4E6SA1,0
4E72A1,0
4E8BA1,0
4E9EA1,0
4E9LA1,0
4ECCA1,0
4EF5A1,0
4EI8A1,0
4EK3A1,0
4EL6A1,0
4ELNA1,0
4EO0A1,0
4EQ3A1,0
4ERNA1,0
4ES1A1,0
4ESFA1,0
4ETXA1,0
4EUGA1,0
4EVFA1,0
4EVMA1,0
4EW6A1,0
4EZBA1,0
4F11A1,0
4F1RA1,0
4F25A1,0
4F3JA1,0
4F67A1,0
4F80A1,0
4F85A1,0
4F8AA1,0
4FBNA1,0
4FBRA1,0
4FCUA1,0
4FD6A1,0
4FEIA1,0
4FH3A1,1
4FHQA1,0
4FI5A1,0
4FITA1,0
4FLEA1,0
4FNVA1,0
4FQAA1,0
4FR9A1,0
4FSVA1,0
4FVMA1,0
4FZRA1,0
4G08A1,0
4G13A1,0
4G14A1,0
4G29A1,0
4G2EA1,0
4G3NA1,0
4G3OA1,0
4G3TA1,0
4G4FA1,0
4G54A1,0
4G76A1,0
4G78A1,0
4G9QA1,0
4GA2A1,0
4GAXA1,0
4GCOA1,0
4GEIA1,0
4GGAA1,0
4GGRA1,0
4GLFA1,0
4GMOA1,0
4GMQA1,0
4GN2A1,0
4GOUA1,0
4GQMA1,0
4GQWA1,0
4GS3A1,0
4GTNA1,0
4GYGA1,0
4H4AA1,0
4H4JA1,0
4H5YA1,0
4H86A1,0
4H89A1,0
4H9JA1,0
4HCSA1,0
4HDEA1,0
4HF7A1,0
4HFLA1,0
4HJPA1,0
4HN7A1,0
4HOQA1,0
4HQAA1,0
4HRSA1,0
4HS2A1,0
4HSCX1,1
4HTJA1,0
4HWMA1,0
4HWNA1,0
4HXTA1,0
4I0OA1,0
4I2TA1,0
4I6XA1,0
4IBNA1,0
4IC4A1,0
4ICWA1,0
4IDHA1,0
4IDMA1,0
4IGIA1,0
4IH1A1,0
4IL7A1,0
4INKA1,1
4IPCA1,0
4IQ8A1,0
4IQMA1,0
4IRGA1,0
4IRHA1,0
4IT3A1,0
4IUJA1,0
4IW7A1,0
4IYSA1,0
4IZOA1,0
4J0WA1,0
4J18A1,0
4J29A1,0
4J2PA1,0
4J4RA1,0
4J5QA1,0
4J87A1,0
4J94A1,0
4J9JA1,0
4JG2A1,0
4JG5A1,0
4JHYA1,0
4JJOA1,0
4JKQA1,0
4JKZA1,0
4JMIA1,0
4JMNA1,0
4JMPA1,0
4JNFA1,0
4JOXA1,0
4JP0A1,0
4JP2A1,0
4JP6A1,0
4JQFA1,0
4JZ5A1,0
4JZCA1,0
4K2OA1,0
4K48A1,0
4K59A1,0
4K5QA1,0
4K7EA1,0
4K82A1,0
4K8LA1,0
4KDCA1,0
4KEFA1,0
4KEIA1,0
4KIAA1,0
4KK4A1,0
4KM8A1,0
4KMCA1,0
4L4UA1,0
4L6EA1,0
4L8LA1,0
4L9EA1,0
4L9HA1,0
4L9RA1,0
4L9VA1,0
4LA5A1,0
4LD8A1,0
4LDMA1,0
4LEUA1,0
4LF0A1,0
4LFQA1,0
4LGCA1,0
4LH9A1,0
4LHFA1,0
4LJ1A1,0
4LK4A1,0
4LKRA1,0
4LNSA1,0
4LONB1,0
4LSOA1,0
4LTTA1,0
4LZHA1,0
4LZIA1,0
4M1FA1,0
4M36A1,0
4M4ZA1,0
4M67A1,0
4M7GA1,0
4M7OA1,0
4M90A1,0
4M97A1,0
4M98A1,0
4M9KA1,0
4M9PA1,0
4MDWA1,0
4ME2A1,0
4MF7A1,0
4MFIA1,0
4MGPA1,0
4MGSA1,0
4MHCA1,0
4MHPA1,0
4MKXA1,0
4MNOA1,0
4MO0A1,0
4MOAA1,0
4MQ3A1,0
4MQMA1,0
4MU6A1,0
4MYLA1,0
4MZ2A1,0
4MZDA1,0
4N1LA1,0
4N1VA1,0
4N30A1,1
4N4AA1,0
4N6LA1,0
4N6TA1,0
4N77A1,0
4N7XA1,9
4N9XA1,0
4NCDA1,1
4NCIA1,0
4NCUA1,0
4ND9A1,0
4NDJA1,0
4NFBA1,0
4NI6A1,0
4NIOA1,0
4NIPA1,0
4NJPA1,6
4NK6A1,0
4NKJA1,0
4NLBA1,0
4NLMA1,0
4NMIA1,0
4NNGA1,0
4NOAA1,0
4NOMA1,0
4NP8A1,0
4NPHA1,0
4NPNA1,0
4NPXA1,0
4NQ0A1,0
4NS4A1,0
4NU2A1,0
4NUXA1,0
4NZPA1,0
4O3XB1,0
4O6GA1,0
4O7QA1,0
4O8BA1,0
4O8SA1,0
4O9LA1,0
4OD6A1,0
4OF0A1,0
4OHIA1,0
4OHRA1,0
4OIXA1,0
4OM9A1,0
4OO3A1,0
4OPFA1,0
4OQ1A1,0
4OQZA1,0
4OSNA1,0
4OU0A1,0
4OUNA1,0
4OUQA1,0
4OXPA1,0
4OY5A1,0
4OZKA1,0
4OZSA1,0
4OZWA1,0
4OZXA1,0
4P09A1,0
4P0FA1,0
4P0MA1,0
4P0ZA1,0
4P47A1,0
4P48A1,0
4P5UA1,0
4P9IA1,0
4PA1A1,0
4PBDA1,0
4PBOA1,0
4PD0A1,0
4PEKA1,0
4PGRA1,7
4PK9A1,0
4PLQA1,0
4PQDA1,0
4PQZA1,0
4PS6A1,0
4PSDA1,0
4PSJA1,0
4PTIA1,0
4PZPA1,0
4Q2QA1,0
4Q2SA1,0
4Q4GX1,0
4Q6VA1,0
4Q7KA1,0
4QB0A1,0
4QB4A1,0
4QCJA1,0
4QDRA1,0
4QFTA1,0
4QLOA1,0
4QMJA1,0
4QS8A1,0
4QUCA1,0
4QVRA1,0
4QXLA1,0
4QXXZ1,0
4R0PA1,0
4R0RA1,0
4R0UA1,0
4R0WA1,0
4R1BA1,0
4R6FA1,0
4R9NA1,0
4R9PA1,0
4RAXA1,0
4RCBA1,0
4REGA1,0
4REHA1,0
4RFAA1,0
4RIKA1,0
4RKIA1,0
4RL1A1,0
4RM6A1,0
4RM9A1,0
4RMMA1,0
4RP6Z1,0
4RSXA1,0
4RVCA1,0
4RWHA1,0
4RWUA1,0
4RXVA1,0
4RZ9A1,0
4RZAA1,0
4S03A1,0
4TM5A1,0
4TR3A1,0
4TRKA1,0
4TSVA1,0
4TTKA1,0
4TTLA1,0
4TTPA1,0
4TTWA1,0
4TUTA1,0
4TVEA1,0
4TX7A1,0
4U12A1,0
4U3KA1,0
4U3VA1,0
4U4EA1,0
4U4HA1,0
4U64A1,0
4U8EA1,0
4UDSA1,0
4UMGA1,0
4UMIA1,0
4UMLA1,0
4UMSA1,0
4UOSA1,0
4UQ9A1,0
4UWWA1,0
4UYIA1,0
4V0PA1,0
4V2DA1,0
4V38A1,0
4W1UA1,0
4W7GA1,0
4W8QA1,0
4W98A1,0
4WBIA1,0
4WBXC1,0
4WDCA1,0
4WE2A1,0
4WFIA1,0
4WFVA1,0
4WFWA1,0
4WJ1A1,0
4WJSA1,0
4WO8A1,0
4WP6A1,0
4WT3A1,0
4WTXA1,0
4WXTA1,0
4WYIA1,0
4WZ0A1,0
4X1OA1,0
4X2XA1,0
4X3XA1,0
4X5UA1,0
4XDXA1,0
4XE7A1,0
4XEHA1,0
4XFDA1,0
4XFOA1,0
4XGJA1,0
4XH3A1,0
4XHYA1,0
4XIOA1,0
4XLTA1,0
4XO1A1,0
4XP8A1,0
4XPKA1,0
4XQ7A1,0
4XWUA1,0
4XY6A1,0
4XYGA1,0
4XYHA1,0
4Y1WA1,0
4Y2FA1,0
4Y2KA1,0
4Y5JA1,0
4Y6WA1,0
4YA6A1,0
4YE6A1,0
4YFSA1,0
4YJWA1,0
4YK1A1,0
4YKDA1,0
4YL7A1,0
4YMEA1,0
4YODA1,0
4YPCA1,0
4YPNA1,0
4YTEA1,0
4YTKA1,0
4YUDA1,0
4YUFA1,0
4YVOA1,0
4YWFA1,0
4YX8A1,0
4YXZA1,0
4YZPA1,0
4Z1PA1,1
4Z2NA1,0
4Z37A1,0
4Z3IA1,0
4Z5SA1,0
4Z85A1,0
4Z9PA1,0
4ZAIA1,0
4ZBHA1,0
4ZC3A1,0
4ZCTA1,0
4ZDVA1,0
4ZH0A1,0
4ZHWA1,0
4ZM7A1,0
4ZMKA1,0
4ZOTA1,0
4ZOUA1,0
4ZOYA1,0
4ZPCA1,0
4ZQAA1,0
4ZQVA1,0
4ZSBA1,0
4ZTAA1,0
4ZZFA1,0
5A4RA1,0
5A7ZA1,0
5A8SA1,0
5A8UA1,0
5A9BA1,0
5AOYA1,0
5APSA1,0
5APZA1,0
5ARMA1,0
5AVGA1,0
5AVHA1,0
5AWEA1,0
5AWLA1,0
5AY9A1,0
5B0GA1,0
5B0TA1,0
5B11O1,0
5B1NA1,0
5B5RA1,0
5BP1A1,0
5BTHA1,0
5BTYA1,0
5C10A1,0
5C2MA1,0
5C3TA1,0
5C86A1,0
5C8OA1,0
5CCFA1,0
5CDKA1,0
5CHHA1,0
5CIVA1,0
5COHA1,0
5CR6D1,0
5CUZA1,0
5CWBA1,0
5CXQA1,0
5D30A1,0
5D6BA1,0
5D6VA1,0
5D8MA1,0
5D9RA1,0
5DAZA1,0
5DBLA1,0
5DCFA1,0
5DDVA1,0
5DFGA1,0
5DFKA1,0
5DMAA1,0
5DN7A1,0
5DPOA1,0
5DWCA1,0
5DXLA1,0
5DYLA1,0
5DYMA1,0
5DZ9A1,0
5E0ZA1,0
5E10A1,0
5E1LA1,0
5E1WA1,0
5E1YA1,0
5E31A1,0
5E5BA1,0
5E5XA1,0
5E5ZA1,0
5E71A1,0
5E7LA1,0
5E8SA1,0
5EB9A1,0
5EE0A1,0
5EE2A1,0
5EEPA1,0
5EF9A1,0
5EFRA1,0
5EFSA1,0
5EFXA1,0
5EH6A1,1
5EHAA1,0
5EKZA1,0
5EOVA1,0
5EPDA1,0
5EQZA1,0
5ERIA1,0
5ERXA1,1
5ET5A1,0
5EUPA1,0
5EV7A1,0
5EVGA1,0
5EWRA1,0
5EZQA1,0
5F18A1,0
5F1SA1,0
5F70A1,0
5F9QA1,0
5FD9A1,0
5FDBA1,0
5FFAA1,0
5FFBA1,0
5FSZA1,0
5FU5A1,0
5FWHA1,0
5FX0A1,0
5FZSA1,0
5GHEA1,0
5GMBA1,0
5GO4A1,0
5GY3A1,0
5H03A1,0
5H0JA1,0
5H0QA1,0
5H1DA1,0
5H1JA1,0
5H3XA1,0
5H8PA1,0
5H9KA1,0
5HA8A1,0
5HBPA1,0
5HD2A1,0
5HD3A1,0
5HD9A1,0
5HDWA1,0
5HFDA1,0
5HFGA1,0
5HIHA1,0
5HJJA1,0
5HLJA1,0
5HM5A1,0
5HMTA1,0
5HOZA1,0
5HQGA1,0
5HS4A1,1
5HS8A1,0
5HTRA1,0
5HWFA1,0
5HX7A1,0
5HY6A1,0
5HYYA1,0
5HYZA1,0
5I32A1,6
5I41B1,0
5I45A1,0
5I4CA1,0
5I5HA1,5
5I62A1,0
5I7NA1,0
5IBVA1,0
5IHSA1,1
5IOXA1,0
5IS1A1,0
5ITQA1,0
5IVHA1,0
5J08A1,0
5J0IA1,0
5JAKA1,0
5JD6A1,0
5JDDA1,0
5JH1A1,0
5JI7A1,0
5JKPA1,0
5JLDA1,0
5JMTA1,0
5JO8A1,0
5JPAA1,0
5JQNA1,0
5JRTA1,0
5JW8A1,0
5JX1A1,0
5KA5A1,0
5KJSA1,0
5KLCA1,0
5KMYA1,0
5KUCA1,0
5KUGA1,0
5KVKA1,0
5KVRA1,0
5L33A1,0
5L40A1,0
5L7ZA1,0
5LB4A1,0
5LGGA1,0
5LRUA1,0
5LVZA1,0
5LW6A1,0
5LY5A1,0
5LZ1A1,0
5M1FA1,0
5MR1A1,0
5P73A1,0
5SV2A1,0
5SXLA1,0
5SXOA1,0
5T5DA1,0
5T76A1,0
5T7ZA1,0
5TE9A1,0
5TJAA1,0
5TUNA1,0
5TV2A1,0
5TZIC1,0
5UFTA1,0
8OHMA1,0
